{"cameraMode":{"drawMode":0,"name":"Shaded","section":"Shading Mode"},"sceneLighting":true,"audioPlay":false,"sceneViewState":{"m_AlwaysRefresh":false,"showFog":true,"showSkybox":true,"showFlares":true,"showImageEffects":true,"showParticleSystems":true,"showVisualEffectGraphs":true,"m_FxEnabled":true},"in2DMode":false,"pivot":{"x":-2.525261163711548,"y":0.4998433589935303,"z":-0.09591606259346008},"rotation":{"x":0.04889769107103348,"y":-0.703314483165741,"z":0.048606742173433307,"w":0.7075477838516235},"size":1.7998368740081788,"orthographic":false}