{"cameraMode":{"drawMode":0,"name":"Shaded","section":"Shading Mode"},"sceneLighting":true,"audioPlay":false,"sceneViewState":{"m_AlwaysRefresh":false,"showFog":true,"showSkybox":true,"showFlares":true,"showImageEffects":true,"showParticleSystems":true,"showVisualEffectGraphs":true,"m_FxEnabled":true},"in2DMode":false,"pivot":{"x":-0.35955560207366946,"y":0.8180704116821289,"z":-0.11463809013366699},"rotation":{"x":0.02627895027399063,"y":-0.7959973216056824,"z":0.034647781401872638,"w":0.6037380695343018},"size":1.1998369693756104,"orthographic":false}