{"cameraMode":{"drawMode":0,"name":"Shaded","section":"Shading Mode"},"sceneLighting":false,"audioPlay":false,"sceneViewState":{"m_AlwaysRefresh":false,"showFog":true,"showSkybox":false,"showFlares":true,"showImageEffects":true,"showParticleSystems":true,"showVisualEffectGraphs":true,"m_FxEnabled":true},"in2DMode":false,"pivot":{"x":2.532336473464966,"y":0.7073482275009155,"z":-0.7163351774215698},"rotation":{"x":0.038607608526945117,"y":-0.751510739326477,"z":0.04392020031809807,"w":0.6573840975761414},"size":0.12628944218158723,"orthographic":false}