{"cameraMode":{"drawMode":0,"name":"Shaded","section":"Shading Mode"},"sceneLighting":false,"audioPlay":false,"sceneViewState":{"m_AlwaysRefresh":false,"showFog":true,"showSkybox":false,"showFlares":true,"showImageEffects":true,"showParticleSystems":true,"showVisualEffectGraphs":true,"m_FxEnabled":true},"in2DMode":false,"pivot":{"x":-0.07672268152236939,"y":0.010576404631137848,"z":0.14950864017009736},"rotation":{"x":0.04423587769269943,"y":-0.847740650177002,"z":0.07130947709083557,"w":0.5240622758865356},"size":0.2660253643989563,"orthographic":false}