{"cameraMode":{"drawMode":0,"name":"Shaded","section":"Shading Mode"},"sceneLighting":false,"audioPlay":false,"sceneViewState":{"m_AlwaysRefresh":false,"showFog":true,"showSkybox":false,"showFlares":true,"showImageEffects":true,"showParticleSystems":true,"showVisualEffectGraphs":true,"m_FxEnabled":true},"in2DMode":false,"pivot":{"x":0.11811185628175736,"y":0.7755252718925476,"z":-0.1881684958934784},"rotation":{"x":0.13700462877750398,"y":-0.6259690523147583,"z":0.11293850839138031,"w":0.7593730688095093},"size":0.009624898433685303,"orthographic":false}