{"cameraMode":{"drawMode":0,"name":"Shaded","section":"Shading Mode"},"sceneLighting":false,"audioPlay":false,"sceneViewState":{"m_AlwaysRefresh":false,"showFog":true,"showSkybox":false,"showFlares":true,"showImageEffects":true,"showParticleSystems":true,"showVisualEffectGraphs":true,"m_FxEnabled":true},"in2DMode":false,"pivot":{"x":0.04919999837875366,"y":0.7425000071525574,"z":-0.17630000412464143},"rotation":{"x":0.03404143825173378,"y":-0.7599827647209168,"z":0.039936017245054248,"w":0.6478256583213806},"size":0.009624898433685303,"orthographic":false}