{"cameraMode":{"drawMode":0,"name":"Shaded","section":"Shading Mode"},"sceneLighting":false,"audioPlay":false,"sceneViewState":{"m_AlwaysRefresh":false,"showFog":true,"showSkybox":false,"showFlares":true,"showImageEffects":true,"showParticleSystems":true,"showVisualEffectGraphs":true,"m_FxEnabled":true},"in2DMode":false,"pivot":{"x":0.14174440503120423,"y":-0.045372769236564639,"z":-0.011258035898208619},"rotation":{"x":-0.04114759340882301,"y":0.6695602536201477,"z":-0.03720451891422272,"w":-0.740709662437439},"size":0.2660253643989563,"orthographic":false}